BEGIN TRANSACTION;
CREATE TABLE Continents (id INTEGER PRIMARY KEY, name NUMERIC);
INSERT INTO Continents VALUES(1,1);
INSERT INTO Continents VALUES(2,2);
INSERT INTO Continents VALUES(3,3);
INSERT INTO Continents VALUES(4,4);
INSERT INTO Continents VALUES(5,5);
INSERT INTO Continents VALUES(6,6);
INSERT INTO Continents VALUES(7,7);
CREATE TABLE Countries (id INTEGER PRIMARY KEY, name NUMERIC, continentId NUMERIC);
INSERT INTO Countries VALUES(1,8,1);
INSERT INTO Countries VALUES(2,9,1);
INSERT INTO Countries VALUES(3,10,1);
INSERT INTO Countries VALUES(4,11,1);
INSERT INTO Countries VALUES(5,12,1);
INSERT INTO Countries VALUES(6,13,1);
INSERT INTO Countries VALUES(7,14,1);
INSERT INTO Countries VALUES(8,15,1);
INSERT INTO Countries VALUES(9,16,1);
INSERT INTO Countries VALUES(10,17,1);
INSERT INTO Countries VALUES(11,18,1);
INSERT INTO Countries VALUES(12,19,1);
INSERT INTO Countries VALUES(13,20,1);
INSERT INTO Countries VALUES(14,21,1);
INSERT INTO Countries VALUES(15,22,1);
INSERT INTO Countries VALUES(16,23,1);
INSERT INTO Countries VALUES(17,24,1);
INSERT INTO Countries VALUES(18,25,1);
INSERT INTO Countries VALUES(19,26,1);
INSERT INTO Countries VALUES(20,27,1);
INSERT INTO Countries VALUES(21,28,1);
INSERT INTO Countries VALUES(22,29,1);
INSERT INTO Countries VALUES(23,30,1);
INSERT INTO Countries VALUES(24,31,1);
INSERT INTO Countries VALUES(25,32,1);
INSERT INTO Countries VALUES(26,33,1);
INSERT INTO Countries VALUES(27,34,1);
INSERT INTO Countries VALUES(28,35,1);
INSERT INTO Countries VALUES(29,36,1);
INSERT INTO Countries VALUES(30,37,1);
INSERT INTO Countries VALUES(31,38,1);
INSERT INTO Countries VALUES(32,39,1);
INSERT INTO Countries VALUES(33,40,1);
INSERT INTO Countries VALUES(34,41,1);
INSERT INTO Countries VALUES(35,42,1);
INSERT INTO Countries VALUES(36,43,1);
INSERT INTO Countries VALUES(37,44,1);
INSERT INTO Countries VALUES(38,45,1);
INSERT INTO Countries VALUES(39,46,1);
INSERT INTO Countries VALUES(40,47,1);
INSERT INTO Countries VALUES(41,48,1);
INSERT INTO Countries VALUES(42,49,1);
INSERT INTO Countries VALUES(43,50,1);
INSERT INTO Countries VALUES(44,51,1);
INSERT INTO Countries VALUES(45,52,1);
INSERT INTO Countries VALUES(46,53,1);
INSERT INTO Countries VALUES(47,54,1);
INSERT INTO Countries VALUES(48,55,1);
INSERT INTO Countries VALUES(49,56,1);
INSERT INTO Countries VALUES(50,57,1);
INSERT INTO Countries VALUES(51,58,1);
INSERT INTO Countries VALUES(52,59,1);
INSERT INTO Countries VALUES(53,60,1);
INSERT INTO Countries VALUES(54,61,1);
INSERT INTO Countries VALUES(55,62,1);
INSERT INTO Countries VALUES(56,63,1);
INSERT INTO Countries VALUES(57,64,1);
INSERT INTO Countries VALUES(58,65,5);
INSERT INTO Countries VALUES(59,66,5);
INSERT INTO Countries VALUES(60,67,5);
CREATE TABLE Regions (id INTEGER PRIMARY KEY, name NUMERIC, countryId NUMERIC, coordinateId NUMERIC);
INSERT INTO Regions VALUES(1,68,60,1);
INSERT INTO Regions VALUES(2,69,60,1);
INSERT INTO Regions VALUES(3,70,60,1);
INSERT INTO Regions VALUES(4,71,60,1);
INSERT INTO Regions VALUES(5,72,60,1);
INSERT INTO Regions VALUES(6,73,60,1);
INSERT INTO Regions VALUES(7,74,60,1);
INSERT INTO Regions VALUES(8,75,60,1);
INSERT INTO Regions VALUES(9,76,60,1);
INSERT INTO Regions VALUES(10,77,60,1);
INSERT INTO Regions VALUES(11,78,60,1);
INSERT INTO Regions VALUES(12,79,60,1);
INSERT INTO Regions VALUES(13,80,60,1);
INSERT INTO Regions VALUES(14,81,60,1);
INSERT INTO Regions VALUES(15,82,60,1);
INSERT INTO Regions VALUES(16,83,60,1);
CREATE TABLE NAME (id INTEGER PRIMARY KEY, EN TEXT);
INSERT INTO Name VALUES(1,'Africa');
INSERT INTO Name VALUES(2,'Antarctica');
INSERT INTO Name VALUES(3,'Asia');
INSERT INTO Name VALUES(4,'Australia');
INSERT INTO Name VALUES(5,'Europe');
INSERT INTO Name VALUES(6,'North America');
INSERT INTO Name VALUES(7,'South America"');
INSERT INTO Name VALUES(8,'Algeria');
INSERT INTO Name VALUES(9,'Angola');
INSERT INTO Name VALUES(10,'Benin');
INSERT INTO Name VALUES(11,'Botswana');
INSERT INTO Name VALUES(12,'Burkina Faso');
INSERT INTO Name VALUES(13,'Burundi');
INSERT INTO Name VALUES(14,'Cameroon');
INSERT INTO Name VALUES(15,'Cape Verde');
INSERT INTO Name VALUES(16,'Central African Republic');
INSERT INTO Name VALUES(17,'Chad');
INSERT INTO Name VALUES(18,'Comoros');
INSERT INTO Name VALUES(19,'Côte d Ivoire');
INSERT INTO Name VALUES(20,'Democratic Republic of the Congo');
INSERT INTO Name VALUES(21,'Djibouti');
INSERT INTO Name VALUES(22,'Egypt');
INSERT INTO Name VALUES(23,'Equatorial Guinea');
INSERT INTO Name VALUES(24,'Eritrea');
INSERT INTO Name VALUES(25,'Ethiopia');
INSERT INTO Name VALUES(26,'Gabon');
INSERT INTO Name VALUES(27,'Gambia');
INSERT INTO Name VALUES(28,'Ghana');
INSERT INTO Name VALUES(29,'Guinea');
INSERT INTO Name VALUES(30,'Guinea-Bissau');
INSERT INTO Name VALUES(31,'Kenya');
INSERT INTO Name VALUES(32,'Lesotho');
INSERT INTO Name VALUES(33,'Liberia');
INSERT INTO Name VALUES(34,'Libya');
INSERT INTO Name VALUES(35,'Madagascar');
INSERT INTO Name VALUES(36,'Malawi');
INSERT INTO Name VALUES(37,'Mali');
INSERT INTO Name VALUES(38,'Mauritania');
INSERT INTO Name VALUES(39,'Mauritius');
INSERT INTO Name VALUES(40,'Mayotte');
INSERT INTO Name VALUES(41,'Morocco');
INSERT INTO Name VALUES(42,'Mozambique');
INSERT INTO Name VALUES(43,'Namibia');
INSERT INTO Name VALUES(44,'Niger');
INSERT INTO Name VALUES(45,'Nigeria');
INSERT INTO Name VALUES(46,'Republic of the Congo');
INSERT INTO Name VALUES(47,'Réunion');
INSERT INTO Name VALUES(48,'Rwanda');
INSERT INTO Name VALUES(49,'Saint Helena');
INSERT INTO Name VALUES(50,'São Tomé and Príncipe');
INSERT INTO Name VALUES(51,'Senegal');
INSERT INTO Name VALUES(52,'Seychelles');
INSERT INTO Name VALUES(53,'Sierra Leone');
INSERT INTO Name VALUES(54,'Somalia');
INSERT INTO Name VALUES(55,'South Africa');
INSERT INTO Name VALUES(56,'Sudan');
INSERT INTO Name VALUES(57,'Swaziland');
INSERT INTO Name VALUES(58,'Tanzania');
INSERT INTO Name VALUES(59,'Togo');
INSERT INTO Name VALUES(60,'Tunisia');
INSERT INTO Name VALUES(61,'Uganda');
INSERT INTO Name VALUES(62,'Western Sahara');
INSERT INTO Name VALUES(63,'Zambia');
INSERT INTO Name VALUES(64,'Zimbabwe');
INSERT INTO Name VALUES(65,'France');
INSERT INTO Name VALUES(66,'German');
INSERT INTO Name VALUES(67,'Poland');
INSERT INTO Name VALUES(68,'dolnośląskie');
INSERT INTO Name VALUES(69,'kujawsko-pomorskie');
INSERT INTO Name VALUES(70,'lubelskie');
INSERT INTO Name VALUES(71,'lubuskie');
INSERT INTO Name VALUES(72,'łódzkie');
INSERT INTO Name VALUES(73,'małopolskie');
INSERT INTO Name VALUES(74,'mazowieckie');
INSERT INTO Name VALUES(75,'opolskie');
INSERT INTO Name VALUES(76,'podkarpackie');
INSERT INTO Name VALUES(77,'podlaskie');
INSERT INTO Name VALUES(78,'pomorskie');
INSERT INTO Name VALUES(79,'śląskie');
INSERT INTO Name VALUES(80,'świętokrzyskie');
INSERT INTO Name VALUES(81,'warmińsko-mazurskie');
INSERT INTO Name VALUES(82,'wielkopolskie');
INSERT INTO Name VALUES(83,'zachodniopomorskie');
CREATE TABLE COORDINATES (id INTEGER PRIMARY KEY, scores TEXT);
INSERT INTO Coordinates VALUES(1,'xxx');
COMMIT;
